oud,nieuw
/img/carousel/112.png,archief/veiligheidstips/112.png
/img/carousel/blijf-uit-de-rook-sticker.png,archief/veiligheidstips/blijf-uit-de-rook-sticker.png
/img/carousel/maak-een-vluchtplan.png,archief/veiligheidstips/maak-een-vluchtplan.png
/img/clients/122002_150x150.jpg,archief/voertuigtegels/122002-150x150.jpg
/img/clients/122011_150x150.jpg,archief/voertuigtegels/122011-150x150.jpg
/img/clients/122030_150x150.jpg,archief/voertuigtegels/122030-150x150.jpg
/img/clients/122060_150x150.jpg,archief/voertuigtegels/122060-150x150.jpg
/img/nieuws/2016-09-13-Gemeenteraadsledenenburgemeesteropbezoek/IMG_3244(Medium).JPG,nieuws/gemeenteraad-op-bezoek/img-3244.jpg
/img/nieuws/2016-09-13-Gemeenteraadsledenenburgemeesteropbezoek/IMG_3259(Medium).JPG,nieuws/gemeenteraad-op-bezoek/img-3259.jpg
/img/nieuws/2016-09-13-Gemeenteraadsledenenburgemeesteropbezoek/IMG_3264(Medium).JPG,nieuws/gemeenteraad-op-bezoek/img-3264.jpg
/img/nieuws/2016-09-13-Gemeenteraadsledenenburgemeesteropbezoek/IMG_3267(Medium).JPG,nieuws/gemeenteraad-op-bezoek/img-3267.jpg
/img/nieuws/2016-09-13-Gemeenteraadsledenenburgemeesteropbezoek/IMG_3287(Medium).JPG,nieuws/gemeenteraad-op-bezoek/img-3287.jpg
/img/nieuws/2016-09-13-Gemeenteraadsledenenburgemeesteropbezoek/IMG_3350(Medium).jpg,nieuws/gemeenteraad-op-bezoek/img-3350.jpg
/img/nieuws/2016-09-13-Prio2BuitenbrandBuschenDam/IMG_3170.JPG,nieuws/broei-in-hooibalen-busch-en-dam/img-3170.jpg
/img/nieuws/2016-09-13-Prio2BuitenbrandBuschenDam/IMG_3179.JPG,nieuws/broei-in-hooibalen-busch-en-dam/img-3179.jpg
/img/nieuws/2016-09-13-Prio2BuitenbrandBuschenDam/IMG_3193.JPG,nieuws/broei-in-hooibalen-busch-en-dam/img-3193.jpg
/img/nieuws/2016-09-13-Prio2BuitenbrandBuschenDam/IMG_3221.JPG,nieuws/broei-in-hooibalen-busch-en-dam/img-3221.jpg
/img/nieuws/2016-09-13-Prio2BuitenbrandBuschenDam/IMG_3225.JPG,nieuws/broei-in-hooibalen-busch-en-dam/img-3225.jpg
/img/nieuws/2016-11-26-Prio1AutobrandWethouderTwaalfhovenstraat/IMG_3676(Medium).JPG,nieuws/autobrand-wethouder-twaalfhovenstraat/img-3676.jpg
/img/nieuws/2016-11-26-Prio1AutobrandWethouderTwaalfhovenstraat/IMG_3679(Medium).JPG,nieuws/autobrand-wethouder-twaalfhovenstraat/img-3679.jpg
/img/nieuws/2016-11-26-Prio1AutobrandWethouderTwaalfhovenstraat/IMG_3681(Medium).JPG,nieuws/autobrand-wethouder-twaalfhovenstraat/img-3681.jpg
/img/nieuws/2016-11-26-Prio1AutobrandWethouderTwaalfhovenstraat/IMG_3684(Medium).JPG,nieuws/autobrand-wethouder-twaalfhovenstraat/img-3684.jpg
/img/nieuws/2016-11-26-Prio1AutobrandWethouderTwaalfhovenstraat/IMG_3694(Medium).JPG,nieuws/autobrand-wethouder-twaalfhovenstraat/img-3694.jpg
/img/nieuws/2016-11-26-Prio1AutobrandWethouderTwaalfhovenstraat/IMG_3695(Medium).JPG,nieuws/autobrand-wethouder-twaalfhovenstraat/img-3695.jpg
/img/nieuws/2016-12-03-Prio1AutobrandN203/IMG_3734(Medium).JPG,nieuws/kop-staart-botsing-n203/img-3734.jpg
/img/nieuws/2016-12-03-Prio1AutobrandN203/IMG_3740(Medium).JPG,nieuws/kop-staart-botsing-n203/img-3740.jpg
/img/nieuws/2016-12-03-Prio1AutobrandN203/IMG_3748(Medium).JPG,nieuws/kop-staart-botsing-n203/img-3748.jpg
/img/nieuws/2016-12-03-Prio1AutobrandN203/IMG_3754(Medium).JPG,nieuws/kop-staart-botsing-n203/img-3754.jpg
/img/nieuws/2016-12-03-Prio1AutobrandN203/IMG_3757(Medium).JPG,nieuws/kop-staart-botsing-n203/img-3757.jpg
/img/nieuws/2016-12-03-Prio1AutobrandN203/IMG_3761(Medium).JPG,nieuws/kop-staart-botsing-n203/img-3761.jpg
/img/nieuws/2016-12-06-Oefenavondkerk/IMG-20161206-WA0017.jpg,nieuws/hulpverleningsoefening-in-de-kerk/img-20161206-wa0017.jpg
/img/nieuws/2016-12-06-Oefenavondkerk/IMG-20161206-WA0025.jpg,nieuws/hulpverleningsoefening-in-de-kerk/img-20161206-wa0025.jpg
/img/nieuws/2016-12-06-Oefenavondkerk/IMG-20161206-WA0044.jpg,nieuws/hulpverleningsoefening-in-de-kerk/img-20161206-wa0044.jpg
/img/nieuws/2016-12-13-Oefenavondkerk/IMG_3790_1.JPG,nieuws/hulpverleningsoefening-in-de-kerk/img-3790-1.jpg
/img/nieuws/2016-12-13-Oefenavondkerk/IMG_3792_1.JPG,nieuws/hulpverleningsoefening-in-de-kerk/img-3792-1.jpg
/img/nieuws/2016-12-13-Oefenavondkerk/IMG_3801_1.JPG,nieuws/hulpverleningsoefening-in-de-kerk/img-3801-1.jpg
/img/nieuws/2017-01-08-Prio2DierophoogteSluisbuurt/IMG_3905(Medium).jpg,nieuws/aalscholver-in-de-boom/img-3905.jpg
/img/nieuws/2017-01-08-Prio2DierophoogteSluisbuurt/IMG_3919(Medium).jpg,nieuws/aalscholver-in-de-boom/img-3919.jpg
/img/nieuws/2017-01-08-Prio2DierophoogteSluisbuurt/IMG_3922(Medium).jpg,nieuws/aalscholver-in-de-boom/img-3922.jpg
/img/nieuws/2017-01-08-Prio2DierophoogteSluisbuurt/IMG_3929(Medium).jpg,nieuws/aalscholver-in-de-boom/img-3929.jpg
/img/nieuws/2017-01-08-Prio2DierophoogteSluisbuurt/IMG_3949(Medium).jpg,nieuws/aalscholver-in-de-boom/img-3949.jpg
/img/nieuws/2017-02-01-Prio1OngevalmetletselPopulierenlaan/IMG_3973(Medium).JPG,nieuws/voertuig-te-water-geesterweg/img-3973.jpg
/img/nieuws/2017-02-01-Prio1OngevalmetletselPopulierenlaan/IMG_3974(Medium).JPG,nieuws/voertuig-te-water-geesterweg/img-3974.jpg
/img/nieuws/2017-02-01-Prio1OngevalmetletselPopulierenlaan/IMG_3992(Medium).JPG,nieuws/voertuig-te-water-geesterweg/img-3992.jpg
/img/nieuws/2017-02-01-Prio1OngevalmetletselPopulierenlaan/IMG_4006(Medium).JPG,nieuws/voertuig-te-water-geesterweg/img-4006.jpg
/img/nieuws/2017-02-01-Prio1OngevalmetletselPopulierenlaan/IMG_4010(Medium).JPG,nieuws/voertuig-te-water-geesterweg/img-4010.jpg
/img/nieuws/2017-02-01-Prio1OngevalmetletselPopulierenlaan/IMG_4014(Medium).JPG,nieuws/voertuig-te-water-geesterweg/img-4014.jpg
/img/nieuws/2017-02-14-Prio1BrandwonenKeukenKoninginWilhelminastraat/IMG_4987(Medium).JPG,nieuws/keukenbrand-kon-wilhelminastraat/img-4987.jpg
/img/nieuws/2017-02-14-Prio1BrandwonenKeukenKoninginWilhelminastraat/IMG_4989_1(Medium).JPG,nieuws/keukenbrand-kon-wilhelminastraat/img-4989-1.jpg
/img/nieuws/2017-02-14-Prio1BrandwonenKeukenKoninginWilhelminastraat/IMG_5006_1(Medium).JPG,nieuws/keukenbrand-kon-wilhelminastraat/img-5006-1.jpg
/img/nieuws/2017-02-14-Prio1BrandwonenKeukenKoninginWilhelminastraat/IMG_5032_1(Medium).JPG,nieuws/keukenbrand-kon-wilhelminastraat/img-5032-1.jpg
/img/nieuws/2017-02-14-Prio1BrandwonenKeukenKoninginWilhelminastraat/IMG_5038_1(Medium).JPG,nieuws/keukenbrand-kon-wilhelminastraat/img-5038-1.jpg
/img/nieuws/2017-02-14-Prio1BrandwonenKeukenKoninginWilhelminastraat/IMG_5042_1(Medium).JPG,nieuws/keukenbrand-kon-wilhelminastraat/img-5042-1.jpg
/img/nieuws/2017-02-14-Prio1BrandwonenKeukenKoninginWilhelminastraat/IMG_5046_1(Medium).JPG,nieuws/keukenbrand-kon-wilhelminastraat/img-5046-1.jpg
/img/nieuws/2017-02-14-Prio1BrandwonenKeukenKoninginWilhelminastraat/IMG_5048_1(Medium).JPG,nieuws/keukenbrand-kon-wilhelminastraat/img-5048-1.jpg
/img/nieuws/2017-02-18-Prio1GaslekkageWethouderC.Kromstraat/2017-02-1816.03.59-1(Medium).jpg,nieuws/gaslekkage-in-de-wethouder-c-kromstraat/2017-02-1816-03-59-1.jpg
/img/nieuws/2017-02-18-Prio1GaslekkageWethouderC.Kromstraat/2017-02-1816.03.59-2(Medium).jpg,nieuws/gaslekkage-in-de-wethouder-c-kromstraat/2017-02-1816-03-59-2.jpg
/img/nieuws/2017-02-18-Prio1GaslekkageWethouderC.Kromstraat/2017-02-1816.04.29(Medium).jpg,nieuws/gaslekkage-in-de-wethouder-c-kromstraat/2017-02-1816-04-29.jpg
/img/nieuws/2017-02-18-Prio1GaslekkageWethouderC.Kromstraat/2017-02-1816.04.30(Medium).jpg,nieuws/gaslekkage-in-de-wethouder-c-kromstraat/2017-02-1816-04-30.jpg
/img/nieuws/2017-04-18-Prio5DuinbrandOefening1eLeiweg/AF8X1549.jpg,nieuws/natuurbrand-waternet/af8x1549.jpg
/img/nieuws/2017-04-18-Prio5DuinbrandOefening1eLeiweg/AF8X1557.jpg,nieuws/natuurbrand-waternet/af8x1557.jpg
/img/nieuws/2017-04-18-Prio5DuinbrandOefening1eLeiweg/AF8X1596.jpg,nieuws/natuurbrand-waternet/af8x1596.jpg
/img/nieuws/2017-04-18-Prio5DuinbrandOefening1eLeiweg/AF8X1636.jpg,nieuws/natuurbrand-waternet/af8x1636.jpg
/img/nieuws/2017-04-18-Prio5DuinbrandOefening1eLeiweg/AF8X1651.jpg,nieuws/natuurbrand-waternet/af8x1651.jpg
/img/nieuws/2017-04-18-Prio5DuinbrandOefening1eLeiweg/JK2_0012.jpg,nieuws/natuurbrand-waternet/jk2-0012.jpg
/img/nieuws/2017-04-18-Prio5DuinbrandOefening1eLeiweg/JK2_9932.jpg,nieuws/natuurbrand-waternet/jk2-9932.jpg
/img/nieuws/2017-04-18-Prio5DuinbrandOefening1eLeiweg/JK2_9938.jpg,nieuws/natuurbrand-waternet/jk2-9938.jpg
/img/nieuws/2017-04-29-Prio1BrandwegvervoerBurg.v.Roosmalenstraat/IMG_5434(Medium).jpg,nieuws/autobrand-burg-v-roosmalenstraat/img-5434.jpg
/img/nieuws/2017-04-29-Prio1BrandwegvervoerBurg.v.Roosmalenstraat/IMG_5435(Medium).jpg,nieuws/autobrand-burg-v-roosmalenstraat/img-5435.jpg
/img/nieuws/2017-04-29-Prio1BrandwegvervoerBurg.v.Roosmalenstraat/IMG_5440(Medium).jpg,nieuws/autobrand-burg-v-roosmalenstraat/img-5440.jpg
/img/nieuws/2017-05-12-Prio1VoertuigbrandA9/IMG_5499(Medium).jpg,nieuws/voertuigbrand-op-de-a9/img-5499.jpg
/img/nieuws/2017-05-12-Prio1VoertuigbrandA9/IMG_5501(Medium).jpg,nieuws/voertuigbrand-op-de-a9/img-5501.jpg
/img/nieuws/2017-05-12-Prio1VoertuigbrandA9/IMG_5510(Medium).jpg,nieuws/voertuigbrand-op-de-a9/img-5510.jpg
/img/nieuws/2017-05-12-Prio1VoertuigbrandA9/Naamloos-1(Medium).jpg,nieuws/voertuigbrand-op-de-a9/naamloos-1.jpg
/img/nieuws/2017-05-12-Prio1VoertuigbrandA9/Naamloos-2(Medium).jpg,nieuws/voertuigbrand-op-de-a9/naamloos-2.jpg
/img/nieuws/2017-05-13-Prio1OngevalBuitenKooglaan/IMG_5559(Medium).jpg,nieuws/gaslekkage-op-de-kooglaan/img-5559.jpg
/img/nieuws/2017-05-19-Prio1OngevalBuitenLetselMolenstraat/IMG_5565(Medium).jpg,nieuws/ongeval-bij-bedrijf-op-de-molenstraat/img-5565.jpg
/img/nieuws/2017-05-19-Prio1OngevalBuitenLetselMolenstraat/IMG_5568(Medium).jpg,nieuws/ongeval-bij-bedrijf-op-de-molenstraat/img-5568.jpg
/img/nieuws/2017-05-19-Prio1OngevalBuitenLetselMolenstraat/IMG_5574(Medium).jpg,nieuws/ongeval-bij-bedrijf-op-de-molenstraat/img-5574.jpg
/img/nieuws/2017-05-19-Prio1OngevalBuitenLetselMolenstraat/IMG_5574-1(Medium).jpg,nieuws/ongeval-bij-bedrijf-op-de-molenstraat/img-5574-1.jpg
/img/nieuws/2017-05-24-Prio2BuitenbrandKruiskamplaan/IMG_5743(Medium).JPG,nieuws/buitenbrand-kruiskamplaan/img-5743.jpg
/img/nieuws/2017-05-24-Prio2BuitenbrandKruiskamplaan/IMG_5747(Medium).JPG,nieuws/buitenbrand-kruiskamplaan/img-5747.jpg
/img/nieuws/2017-05-24-Prio2BuitenbrandKruiskamplaan/IMG_5749(Medium).JPG,nieuws/buitenbrand-kruiskamplaan/img-5749.jpg
/img/nieuws/2017-05-24-Prio2BuitenbrandKruiskamplaan/IMG_8219(Medium).JPG,nieuws/buitenbrand-kruiskamplaan/img-8219.jpg
/img/nieuws/2017-05-24-Prio2BuitenbrandKruiskamplaan/IMG_8221(Medium).JPG,nieuws/buitenbrand-kruiskamplaan/img-8221.jpg
/img/nieuws/2017-05-24-Prio2BuitenbrandKruiskamplaan/IMG_8222(Medium).JPG,nieuws/buitenbrand-kruiskamplaan/img-8222.jpg
/img/nieuws/2017-05-24-Prio2DiertewaterBroekpolderweg/IMG_5707(Medium).JPG,nieuws/koe-te-water-broekpolderweg/img-5707.jpg
/img/nieuws/2017-05-24-Prio2DiertewaterBroekpolderweg/IMG_5717(Medium).JPG,nieuws/koe-te-water-broekpolderweg/img-5717.jpg
/img/nieuws/2017-05-24-Prio2DiertewaterBroekpolderweg/IMG_5723(Medium).JPG,nieuws/koe-te-water-broekpolderweg/img-5723.jpg
/img/nieuws/2017-05-24-Prio2DiertewaterBroekpolderweg/IMG_5728(Medium).JPG,nieuws/koe-te-water-broekpolderweg/img-5728.jpg
/img/nieuws/2017-05-24-Prio2DiertewaterBroekpolderweg/IMG_5732(Medium).JPG,nieuws/koe-te-water-broekpolderweg/img-5732.jpg
/img/nieuws/2017-05-24-Prio2DiertewaterBroekpolderweg/IMG_5737(Medium).JPG,nieuws/koe-te-water-broekpolderweg/img-5737.jpg
/img/nieuws/2017-06-14-SpuitvoetbalFABO/De_Uitgeester.jpg,nieuws/spuitvoetbal-fabo/de-uitgeester.jpg
/img/nieuws/2017-06-14-SpuitvoetbalFABO/Foto_1_FABO_Facebook.jpg,nieuws/spuitvoetbal-fabo/foto-1-fabo-facebook.jpg
/img/nieuws/2017-06-14-SpuitvoetbalFABO/Foto_2_FABO_Facebook.jpg,nieuws/spuitvoetbal-fabo/foto-2-fabo-facebook.jpg
/img/nieuws/2017-06-22-Prio1BrandwegvervoerN203/IMG_5954(Medium).JPG,nieuws/voertuigbrand-op-de-n203/img-5954.jpg
/img/nieuws/2017-06-22-Prio1BrandwegvervoerN203/IMG_5966(Medium).JPG,nieuws/voertuigbrand-op-de-n203/img-5966.jpg
/img/nieuws/2017-06-22-Prio1BrandwegvervoerN203/IMG_5976(Medium).JPG,nieuws/voertuigbrand-op-de-n203/img-5976.jpg
/img/nieuws/2017-06-22-Prio1BrandwegvervoerN203/IMG_5985(Medium).JPG,nieuws/voertuigbrand-op-de-n203/img-5985.jpg
/img/nieuws/2017-06-22-Prio1BrandwegvervoerN203/IMG_5989(Medium).JPG,nieuws/voertuigbrand-op-de-n203/img-5989.jpg
/img/nieuws/2017-06-22-Prio1BrandwegvervoerN203/IMG_5997(Medium).JPG,nieuws/voertuigbrand-op-de-n203/img-5997.jpg
/img/nieuws/2017-06-22-Prio1BrandwegvervoerN203/IMG_5998(Medium).JPG,nieuws/voertuigbrand-op-de-n203/img-5998.jpg
/img/nieuws/2017-06-22-Prio1BrandwegvervoerN203/IMG_6005(Medium).JPG,nieuws/voertuigbrand-op-de-n203/img-6005.jpg
/img/nieuws/2017-09-12-OpenDagBrandweerHeemskerk/banner-open-dag-heemskerk.jpg,nieuws/open-dag-brandweer-heemskerk/banner-open-dag-heemskerk.jpg
/img/nieuws/2017-09-12-OpenDagBrandweerHeemskerk/folder-1.jpg,nieuws/open-dag-brandweer-heemskerk/folder-1.jpg
/img/nieuws/2017-09-12-OpenDagBrandweerHeemskerk/folder-2.jpg,nieuws/open-dag-brandweer-heemskerk/folder-2.jpg
/img/nieuws/2017-09-12-OpenDagBrandweerHeemskerk/folder-3.jpg,nieuws/open-dag-brandweer-heemskerk/folder-3.jpg
/img/nieuws/2017-09-13-Storm/1.jpg,nieuws/storm-in-uitgeest/1.jpg
/img/nieuws/2017-09-13-Storm/2.jpg,nieuws/storm-in-uitgeest/2.jpg
/img/nieuws/2017-11-01-Prio1GrootHVA9/IMG_6592(Medium).JPG,nieuws/grote-kettingbotsing-op-de-a9/img-6592.jpg
/img/nieuws/2017-11-01-Prio1GrootHVA9/IMG_6614(Medium).JPG,nieuws/grote-kettingbotsing-op-de-a9/img-6614.jpg
/img/nieuws/2017-11-01-Prio1GrootHVA9/IMG_6617(Medium).JPG,nieuws/grote-kettingbotsing-op-de-a9/img-6617.jpg
/img/nieuws/2017-11-01-Prio1GrootHVA9/IMG_6619(Medium).JPG,nieuws/grote-kettingbotsing-op-de-a9/img-6619.jpg
/img/nieuws/2017-11-01-Prio1GrootHVA9/IMG_6625(Medium).JPG,nieuws/grote-kettingbotsing-op-de-a9/img-6625.jpg
/img/nieuws/2017-11-01-Prio1GrootHVA9/IMG_6629(Medium).JPG,nieuws/grote-kettingbotsing-op-de-a9/img-6629.jpg
/img/nieuws/2017-11-12-Prio1VoertuigteWaterBuschenDam/IMG_6897(Medium).JPG,nieuws/voertuig-te-water-busch-en-dam/img-6897.jpg
/img/nieuws/2017-11-12-Prio1VoertuigteWaterBuschenDam/IMG_6898(Medium).JPG,nieuws/voertuig-te-water-busch-en-dam/img-6898.jpg
/img/nieuws/2017-11-12-Prio1VoertuigteWaterBuschenDam/IMG_6900(Medium).JPG,nieuws/voertuig-te-water-busch-en-dam/img-6900.jpg
/img/nieuws/2017-11-12-Prio1VoertuigteWaterBuschenDam/IMG_6904(Medium).JPG,nieuws/voertuig-te-water-busch-en-dam/img-6904.jpg
/img/nieuws/2017-11-15-maandag-4-december-landelijk-controlebericht-nl-alert/header-nl-alert.jpg,nieuws/maandag-4-december-landelijk-controlebericht-nl-alert/header-nl-alert.jpg
/img/nieuws/2017-12-19-waarom-moet-je-je-kerstboom-water-geven/kerstboom_verbranding_beverwijk_2014.jpg,nieuws/waarom-moet-je-je-kerstboom-water-geven/kerstboom-verbranding-beverwijk-2014.jpg
/img/nieuws/2017-12-25-Prio2DierTeWaterA9/dier_te_water_11.jpg,nieuws/schaap-te-water-met-kerst/dier-te-water-11.jpg
/img/nieuws/2017-12-25-Prio2DierTeWaterA9/dier_te_water_13.jpg,nieuws/schaap-te-water-met-kerst/dier-te-water-13.jpg
/img/nieuws/2017-12-25-Prio2DierTeWaterA9/dier_te_water_14.jpg,nieuws/schaap-te-water-met-kerst/dier-te-water-14.jpg
/img/nieuws/2017-12-25-Prio2DierTeWaterA9/dier_te_water_17.jpg,nieuws/schaap-te-water-met-kerst/dier-te-water-17.jpg
/img/nieuws/2017-12-25-Prio2DierTeWaterA9/dier_te_water_3.jpg,nieuws/schaap-te-water-met-kerst/dier-te-water-3.jpg
/img/nieuws/2017-12-25-Prio2DierTeWaterA9/dier_te_water_6.jpg,nieuws/schaap-te-water-met-kerst/dier-te-water-6.jpg
/img/nieuws/2017-12-25-Prio2DierTeWaterA9/dier_te_water_9.jpg,nieuws/schaap-te-water-met-kerst/dier-te-water-9.jpg
/img/nieuws/2018-01-29-Operationele-grenzen-zijn-open/interregionale-samenwerking.jpg,nieuws/operationele-grenzen-zijn-open/interregionale-samenwerking.jpg
/img/nieuws/2018-06-03-Prio1MiddelbrandWoningRijkswegLimmen/IMG_8115(Medium).JPG,nieuws/woningbrand-rijksweg-in-limmen/img-8115.jpg
/img/nieuws/2018-06-03-Prio1MiddelbrandWoningRijkswegLimmen/IMG_8116(Medium).JPG,nieuws/woningbrand-rijksweg-in-limmen/img-8116.jpg
/img/nieuws/2018-06-03-Prio1MiddelbrandWoningRijkswegLimmen/IMG_8120(Medium).JPG,nieuws/woningbrand-rijksweg-in-limmen/img-8120.jpg
/img/nieuws/2018-06-03-Prio1MiddelbrandWoningRijkswegLimmen/IMG_8121(Medium).JPG,nieuws/woningbrand-rijksweg-in-limmen/img-8121.jpg
/img/nieuws/2018-06-03-Prio1MiddelbrandWoningRijkswegLimmen/IMG_8123(Medium).JPG,nieuws/woningbrand-rijksweg-in-limmen/img-8123.jpg
/img/nieuws/2018-06-03-Prio1MiddelbrandWoningRijkswegLimmen/IMG_8134(Medium).JPG,nieuws/woningbrand-rijksweg-in-limmen/img-8134.jpg
/img/nieuws/2018-06-03-Prio1MiddelbrandWoningRijkswegLimmen/IMG_8138(Medium).JPG,nieuws/woningbrand-rijksweg-in-limmen/img-8138.jpg
/img/nieuws/2018-06-03-Prio1MiddelbrandWoningRijkswegLimmen/IMG_8147(Medium).JPG,nieuws/woningbrand-rijksweg-in-limmen/img-8147.jpg
/img/nieuws/2020-08-05-prio1vrachtwagenbrand/noorderweg.jpg,nieuws/vrachtwagenbrand-op-de-noorderweg/noorderweg.jpg
/img/standard_news_image.jpeg,nieuws/zeer-grote-brand-krommenie/standard-news-image.jpg
/img/voertuigen/12-2002/IMG_1610.jpg,voertuigen/12-2002/img-1610.jpg
/img/voertuigen/12-2002/IMG_1611.jpg,voertuigen/12-2002/img-1611.jpg
/img/voertuigen/12-2002/IMG_1615.jpg,voertuigen/12-2002/img-1615.jpg
/img/voertuigen/12-2002/IMG_1622.jpg,voertuigen/12-2002/img-1622.jpg
/img/voertuigen/12-2011/HPIM2448.jpg,voertuigen/12-2011/hpim2448.jpg
/img/voertuigen/12-2011/HPIM2449.jpg,voertuigen/12-2011/hpim2449.jpg
/img/voertuigen/12-2011/HPIM2450.jpg,voertuigen/12-2011/hpim2450.jpg
/img/voertuigen/12-2030/DSC06412.jpg,voertuigen/12-2030/dsc06412.jpg
/img/voertuigen/12-2030/DSC06414.jpg,voertuigen/12-2030/dsc06414.jpg
/img/voertuigen/12-2060/HPIM0799.jpg,voertuigen/12-2060/hpim0799.jpg
/img/voertuigen/12-2060/HPIM0800.jpg,voertuigen/12-2060/hpim0800.jpg
/img/voertuigen/12-2060/HPIM0809.jpg,voertuigen/12-2060/hpim0809.jpg
/img/voertuigen/12-2060/HPIM0811.jpg,voertuigen/12-2060/hpim0811.jpg
/img/word_jij_onze_vrijwilliger.png,nieuws/ben-jij-de-vuurvreter/word-jij-onze-vrijwilliger.png
