url,soort,actie,doel
/12-2001/,voertuig,301,/voertuigen/12-2001/
/12-2002/,voertuig,301,/voertuigen/12-2002/
/12-2011/,voertuig,301,/voertuigen/12-2011/
/12-2030/,voertuig,301,/voertuigen/12-2030/
/12-2031/,voertuig,301,/voertuigen/
/12-2060/,voertuig,301,/voertuigen/12-2060/
/12-2061/,voertuig,301,/voertuigen/
/2008/,uitrukken,301,/uitrukken/2008/
/2009/,uitrukken,301,/uitrukken/2009/
/2010/,uitrukken,301,/uitrukken/2010/
/2011/,uitrukken,301,/uitrukken/2011/
/2012/,uitrukken,301,/uitrukken/2012/
/2013/,uitrukken,301,/uitrukken/2013/
/2014/,uitrukken,301,/uitrukken/2014/
/2015/,uitrukken,301,/uitrukken/2015/
/2016/,uitrukken,301,/uitrukken/2016/
/2017/,uitrukken,301,/uitrukken/2017/
/2018/,uitrukken,301,/uitrukken/2018/
/2019/,uitrukken,301,/uitrukken/2019/
/2020/,uitrukken,301,/uitrukken/2020/
/2021/,uitrukken,301,/uitrukken/2021/
/2022/,uitrukken,301,/uitrukken/2022/
/404.html,systeem,200,/404.html
/android-chrome-36x36.png,icoon,301,/apple-touch-icon.png
/android-chrome-48x48.png,icoon,301,/apple-touch-icon.png
/android-chrome-72x72.png,icoon,301,/apple-touch-icon.png
/android-chrome-96x96.png,icoon,301,/apple-touch-icon.png
/apple-touch-icon-57x57-precomposed.png,icoon,301,/apple-touch-icon.png
/apple-touch-icon-57x57.png,icoon,301,/apple-touch-icon.png
/apple-touch-icon-60x60-precomposed.png,icoon,301,/apple-touch-icon.png
/apple-touch-icon-60x60.png,icoon,301,/apple-touch-icon.png
/apple-touch-icon-72x72-precomposed.png,icoon,301,/apple-touch-icon.png
/apple-touch-icon-72x72.png,icoon,301,/apple-touch-icon.png
/apple-touch-icon-76x76-precomposed.png,icoon,301,/apple-touch-icon.png
/apple-touch-icon-76x76.png,icoon,301,/apple-touch-icon.png
/apple-touch-icon-precomposed.png,icoon,200,/apple-touch-icon-precomposed.png
/apple-touch-icon.png,icoon,200,/apple-touch-icon.png
/betekenis-p2000-meldingen/,pagina,200,/betekenis-p2000-meldingen/
/browserconfig.xml,icoon,200,/browserconfig.xml
/categories/brandveilig/,taxonomie,301,/nieuws/
/categories/brandveilig/index.xml,taxonomie,301,/nieuws/
/categories/brandveilig/page/1/,taxonomie,301,/nieuws/
/categories/,taxonomie,301,/nieuws/
/categories/index.xml,taxonomie,301,/nieuws/
/categories/nieuws/,taxonomie,301,/nieuws/
/categories/nieuws/index.xml,taxonomie,301,/nieuws/
/categories/nieuws/page/1/,taxonomie,301,/nieuws/
/categories/nieuws/page/2/,taxonomie,301,/nieuws/
/categories/nieuws/page/3/,taxonomie,301,/nieuws/
/categories/nieuws/page/4/,taxonomie,301,/nieuws/
/categories/oefening/,taxonomie,301,/nieuws/
/categories/oefening/index.xml,taxonomie,301,/nieuws/
/categories/oefening/page/1/,taxonomie,301,/nieuws/
/categories/page/1/,taxonomie,301,/nieuws/
/categories/uitruk/,taxonomie,301,/nieuws/
/categories/uitruk/index.xml,taxonomie,301,/nieuws/
/categories/uitruk/page/1/,taxonomie,301,/nieuws/
/categories/uitruk/page/2/,taxonomie,301,/nieuws/
/categories/uitruk/page/3/,taxonomie,301,/nieuws/
/css/animate.css,thema-asset,410,
/css/custom.css,thema-asset,410,
/css/hugo-easy-gallery.css,thema-asset,410,
/css/owl.carousel.css,thema-asset,410,
/css/owl.theme.css,thema-asset,410,
/css/style.blue.css,thema-asset,410,
/css/style.default.css,thema-asset,410,
/css/style.green.css,thema-asset,410,
/css/style.marsala.css,thema-asset,410,
/css/style.pink.css,thema-asset,410,
/css/style.red.css,thema-asset,410,
/css/style.turquoise.css,thema-asset,410,
/css/style.violet.css,thema-asset,410,
/disclaimer/,pagina,200,/disclaimer/
/favicon-16x16.png,icoon,200,/favicon-16x16.png
/favicon-32x32.png,icoon,200,/favicon-32x32.png
/favicon.ico,icoon,200,/favicon.ico
/img/apple-touch-icon.png,thema-afbeelding,410,
/img/carousel/112.png,afbeelding,301,nieuw pad na normalisatie (fase 3)
/img/carousel/blijf-uit-de-rook-sticker.png,afbeelding,301,nieuw pad na normalisatie (fase 3)
/img/carousel/maak-een-vluchtplan.png,afbeelding,301,nieuw pad na normalisatie (fase 3)
/img/clients/122002_150x150.jpg,afbeelding,301,nieuw pad na normalisatie (fase 3)
/img/clients/122011_150x150.jpg,afbeelding,301,nieuw pad na normalisatie (fase 3)
/img/clients/122030_150x150.jpg,afbeelding,301,nieuw pad na normalisatie (fase 3)
/img/clients/122031_150x150.jpg,afbeelding-voertuig-weg,410,
/img/clients/122060_150x150.jpg,afbeelding,301,nieuw pad na normalisatie (fase 3)
/img/clients/122061_150x150.jpg,afbeelding-voertuig-weg,410,
/img/clients/customer-1.png,thema-afbeelding,410,
/img/clients/customer-2.png,thema-afbeelding,410,
/img/clients/customer-3.png,thema-afbeelding,410,
/img/clients/customer-4.png,thema-afbeelding,410,
/img/clients/customer-5.png,thema-afbeelding,410,
/img/clients/customer-6.png,thema-afbeelding,410,
/img/favicon.ico,thema-afbeelding,410,
/img/fixed-background-2.jpg,thema-afbeelding,410,
/img/grabbing.png,thema-afbeelding,410,
/img/logo-small.png,afbeelding-ongebruikt,410,
/img/logo.png,afbeelding,301,nieuw pad na normalisatie (fase 3)
/img/map-logo-icon.png,thema-afbeelding,410,
/img/marker.png,thema-afbeelding,410,
/img/nieuws/2016-09-13-Gemeenteraadsledenenburgemeesteropbezoek/IMG_3244(Medium).JPG,afbeelding,301,nieuw pad na normalisatie (fase 3)
/img/nieuws/2016-09-13-Gemeenteraadsledenenburgemeesteropbezoek/IMG_3259(Medium).JPG,afbeelding,301,nieuw pad na normalisatie (fase 3)
/img/nieuws/2016-09-13-Gemeenteraadsledenenburgemeesteropbezoek/IMG_3264(Medium).JPG,afbeelding,301,nieuw pad na normalisatie (fase 3)
/img/nieuws/2016-09-13-Gemeenteraadsledenenburgemeesteropbezoek/IMG_3267(Medium).JPG,afbeelding,301,nieuw pad na normalisatie (fase 3)
/img/nieuws/2016-09-13-Gemeenteraadsledenenburgemeesteropbezoek/IMG_3287(Medium).JPG,afbeelding,301,nieuw pad na normalisatie (fase 3)
/img/nieuws/2016-09-13-Gemeenteraadsledenenburgemeesteropbezoek/IMG_3350(Medium).jpg,afbeelding,301,nieuw pad na normalisatie (fase 3)
/img/nieuws/2016-09-13-Prio2BuitenbrandBuschenDam/IMG_3170.JPG,afbeelding,301,nieuw pad na normalisatie (fase 3)
/img/nieuws/2016-09-13-Prio2BuitenbrandBuschenDam/IMG_3179.JPG,afbeelding,301,nieuw pad na normalisatie (fase 3)
/img/nieuws/2016-09-13-Prio2BuitenbrandBuschenDam/IMG_3193.JPG,afbeelding,301,nieuw pad na normalisatie (fase 3)
/img/nieuws/2016-09-13-Prio2BuitenbrandBuschenDam/IMG_3221.JPG,afbeelding,301,nieuw pad na normalisatie (fase 3)
/img/nieuws/2016-09-13-Prio2BuitenbrandBuschenDam/IMG_3225.JPG,afbeelding,301,nieuw pad na normalisatie (fase 3)
/img/nieuws/2016-11-26-Prio1AutobrandWethouderTwaalfhovenstraat/IMG_3676(Medium).JPG,afbeelding,301,nieuw pad na normalisatie (fase 3)
/img/nieuws/2016-11-26-Prio1AutobrandWethouderTwaalfhovenstraat/IMG_3679(Medium).JPG,afbeelding,301,nieuw pad na normalisatie (fase 3)
/img/nieuws/2016-11-26-Prio1AutobrandWethouderTwaalfhovenstraat/IMG_3681(Medium).JPG,afbeelding,301,nieuw pad na normalisatie (fase 3)
/img/nieuws/2016-11-26-Prio1AutobrandWethouderTwaalfhovenstraat/IMG_3684(Medium).JPG,afbeelding,301,nieuw pad na normalisatie (fase 3)
/img/nieuws/2016-11-26-Prio1AutobrandWethouderTwaalfhovenstraat/IMG_3694(Medium).JPG,afbeelding,301,nieuw pad na normalisatie (fase 3)
/img/nieuws/2016-11-26-Prio1AutobrandWethouderTwaalfhovenstraat/IMG_3695(Medium).JPG,afbeelding,301,nieuw pad na normalisatie (fase 3)
/img/nieuws/2016-12-03-Prio1AutobrandN203/IMG_3734(Medium).JPG,afbeelding,301,nieuw pad na normalisatie (fase 3)
/img/nieuws/2016-12-03-Prio1AutobrandN203/IMG_3740(Medium).JPG,afbeelding,301,nieuw pad na normalisatie (fase 3)
/img/nieuws/2016-12-03-Prio1AutobrandN203/IMG_3748(Medium).JPG,afbeelding,301,nieuw pad na normalisatie (fase 3)
/img/nieuws/2016-12-03-Prio1AutobrandN203/IMG_3754(Medium).JPG,afbeelding,301,nieuw pad na normalisatie (fase 3)
/img/nieuws/2016-12-03-Prio1AutobrandN203/IMG_3757(Medium).JPG,afbeelding,301,nieuw pad na normalisatie (fase 3)
/img/nieuws/2016-12-03-Prio1AutobrandN203/IMG_3761(Medium).JPG,afbeelding,301,nieuw pad na normalisatie (fase 3)
/img/nieuws/2016-12-06-Oefenavondkerk/IMG-20161206-WA0017.jpg,afbeelding,301,nieuw pad na normalisatie (fase 3)
/img/nieuws/2016-12-06-Oefenavondkerk/IMG-20161206-WA0025.jpg,afbeelding,301,nieuw pad na normalisatie (fase 3)
/img/nieuws/2016-12-06-Oefenavondkerk/IMG-20161206-WA0044.jpg,afbeelding,301,nieuw pad na normalisatie (fase 3)
/img/nieuws/2016-12-13-Oefenavondkerk/IMG_3790_1.JPG,afbeelding,301,nieuw pad na normalisatie (fase 3)
/img/nieuws/2016-12-13-Oefenavondkerk/IMG_3792_1.JPG,afbeelding,301,nieuw pad na normalisatie (fase 3)
/img/nieuws/2016-12-13-Oefenavondkerk/IMG_3801_1.JPG,afbeelding,301,nieuw pad na normalisatie (fase 3)
/img/nieuws/2017-01-08-Prio2DierophoogteSluisbuurt/IMG_3905(Medium).jpg,afbeelding,301,nieuw pad na normalisatie (fase 3)
/img/nieuws/2017-01-08-Prio2DierophoogteSluisbuurt/IMG_3919(Medium).jpg,afbeelding,301,nieuw pad na normalisatie (fase 3)
/img/nieuws/2017-01-08-Prio2DierophoogteSluisbuurt/IMG_3922(Medium).jpg,afbeelding,301,nieuw pad na normalisatie (fase 3)
/img/nieuws/2017-01-08-Prio2DierophoogteSluisbuurt/IMG_3929(Medium).jpg,afbeelding,301,nieuw pad na normalisatie (fase 3)
/img/nieuws/2017-01-08-Prio2DierophoogteSluisbuurt/IMG_3949(Medium).jpg,afbeelding,301,nieuw pad na normalisatie (fase 3)
/img/nieuws/2017-02-01-Prio1OngevalmetletselPopulierenlaan/IMG_3973(Medium).JPG,afbeelding,301,nieuw pad na normalisatie (fase 3)
/img/nieuws/2017-02-01-Prio1OngevalmetletselPopulierenlaan/IMG_3974(Medium).JPG,afbeelding,301,nieuw pad na normalisatie (fase 3)
/img/nieuws/2017-02-01-Prio1OngevalmetletselPopulierenlaan/IMG_3992(Medium).JPG,afbeelding,301,nieuw pad na normalisatie (fase 3)
/img/nieuws/2017-02-01-Prio1OngevalmetletselPopulierenlaan/IMG_4006(Medium).JPG,afbeelding,301,nieuw pad na normalisatie (fase 3)
/img/nieuws/2017-02-01-Prio1OngevalmetletselPopulierenlaan/IMG_4010(Medium).JPG,afbeelding,301,nieuw pad na normalisatie (fase 3)
/img/nieuws/2017-02-01-Prio1OngevalmetletselPopulierenlaan/IMG_4014(Medium).JPG,afbeelding,301,nieuw pad na normalisatie (fase 3)
/img/nieuws/2017-02-14-Prio1BrandwonenKeukenKoninginWilhelminastraat/IMG_4987(Medium).JPG,afbeelding,301,nieuw pad na normalisatie (fase 3)
/img/nieuws/2017-02-14-Prio1BrandwonenKeukenKoninginWilhelminastraat/IMG_4989_1(Medium).JPG,afbeelding,301,nieuw pad na normalisatie (fase 3)
/img/nieuws/2017-02-14-Prio1BrandwonenKeukenKoninginWilhelminastraat/IMG_5006_1(Medium).JPG,afbeelding,301,nieuw pad na normalisatie (fase 3)
/img/nieuws/2017-02-14-Prio1BrandwonenKeukenKoninginWilhelminastraat/IMG_5032_1(Medium).JPG,afbeelding,301,nieuw pad na normalisatie (fase 3)
/img/nieuws/2017-02-14-Prio1BrandwonenKeukenKoninginWilhelminastraat/IMG_5038_1(Medium).JPG,afbeelding,301,nieuw pad na normalisatie (fase 3)
/img/nieuws/2017-02-14-Prio1BrandwonenKeukenKoninginWilhelminastraat/IMG_5042_1(Medium).JPG,afbeelding,301,nieuw pad na normalisatie (fase 3)
/img/nieuws/2017-02-14-Prio1BrandwonenKeukenKoninginWilhelminastraat/IMG_5046_1(Medium).JPG,afbeelding,301,nieuw pad na normalisatie (fase 3)
/img/nieuws/2017-02-14-Prio1BrandwonenKeukenKoninginWilhelminastraat/IMG_5048_1(Medium).JPG,afbeelding,301,nieuw pad na normalisatie (fase 3)
/img/nieuws/2017-02-18-Prio1GaslekkageWethouderC.Kromstraat/2017-02-1816.03.59-1(Medium).jpg,afbeelding,301,nieuw pad na normalisatie (fase 3)
/img/nieuws/2017-02-18-Prio1GaslekkageWethouderC.Kromstraat/2017-02-1816.03.59-2(Medium).jpg,afbeelding,301,nieuw pad na normalisatie (fase 3)
/img/nieuws/2017-02-18-Prio1GaslekkageWethouderC.Kromstraat/2017-02-1816.04.29(Medium).jpg,afbeelding,301,nieuw pad na normalisatie (fase 3)
/img/nieuws/2017-02-18-Prio1GaslekkageWethouderC.Kromstraat/2017-02-1816.04.30(Medium).jpg,afbeelding,301,nieuw pad na normalisatie (fase 3)
/img/nieuws/2017-04-18-Prio5DuinbrandOefening1eLeiweg/AF8X1549.jpg,afbeelding,301,nieuw pad na normalisatie (fase 3)
/img/nieuws/2017-04-18-Prio5DuinbrandOefening1eLeiweg/AF8X1557.jpg,afbeelding,301,nieuw pad na normalisatie (fase 3)
/img/nieuws/2017-04-18-Prio5DuinbrandOefening1eLeiweg/AF8X1596.jpg,afbeelding,301,nieuw pad na normalisatie (fase 3)
/img/nieuws/2017-04-18-Prio5DuinbrandOefening1eLeiweg/AF8X1636.jpg,afbeelding,301,nieuw pad na normalisatie (fase 3)
/img/nieuws/2017-04-18-Prio5DuinbrandOefening1eLeiweg/AF8X1651.jpg,afbeelding,301,nieuw pad na normalisatie (fase 3)
/img/nieuws/2017-04-18-Prio5DuinbrandOefening1eLeiweg/JK2_0012.jpg,afbeelding,301,nieuw pad na normalisatie (fase 3)
/img/nieuws/2017-04-18-Prio5DuinbrandOefening1eLeiweg/JK2_9932.jpg,afbeelding,301,nieuw pad na normalisatie (fase 3)
/img/nieuws/2017-04-18-Prio5DuinbrandOefening1eLeiweg/JK2_9938.jpg,afbeelding,301,nieuw pad na normalisatie (fase 3)
/img/nieuws/2017-04-29-Prio1BrandwegvervoerBurg.v.Roosmalenstraat/IMG_5434(Medium).jpg,afbeelding,301,nieuw pad na normalisatie (fase 3)
/img/nieuws/2017-04-29-Prio1BrandwegvervoerBurg.v.Roosmalenstraat/IMG_5435(Medium).jpg,afbeelding,301,nieuw pad na normalisatie (fase 3)
/img/nieuws/2017-04-29-Prio1BrandwegvervoerBurg.v.Roosmalenstraat/IMG_5440(Medium).jpg,afbeelding,301,nieuw pad na normalisatie (fase 3)
/img/nieuws/2017-05-12-Prio1VoertuigbrandA9/IMG_5499(Medium).jpg,afbeelding,301,nieuw pad na normalisatie (fase 3)
/img/nieuws/2017-05-12-Prio1VoertuigbrandA9/IMG_5501(Medium).jpg,afbeelding,301,nieuw pad na normalisatie (fase 3)
/img/nieuws/2017-05-12-Prio1VoertuigbrandA9/IMG_5510(Medium).jpg,afbeelding,301,nieuw pad na normalisatie (fase 3)
/img/nieuws/2017-05-12-Prio1VoertuigbrandA9/Naamloos-1(Medium).jpg,afbeelding,301,nieuw pad na normalisatie (fase 3)
/img/nieuws/2017-05-12-Prio1VoertuigbrandA9/Naamloos-2(Medium).jpg,afbeelding,301,nieuw pad na normalisatie (fase 3)
/img/nieuws/2017-05-13-Prio1OngevalBuitenKooglaan/IMG_5559(Medium).jpg,afbeelding,301,nieuw pad na normalisatie (fase 3)
/img/nieuws/2017-05-19-Prio1OngevalBuitenLetselMolenstraat/IMG_5565(Medium).jpg,afbeelding,301,nieuw pad na normalisatie (fase 3)
/img/nieuws/2017-05-19-Prio1OngevalBuitenLetselMolenstraat/IMG_5568(Medium).jpg,afbeelding,301,nieuw pad na normalisatie (fase 3)
/img/nieuws/2017-05-19-Prio1OngevalBuitenLetselMolenstraat/IMG_5574(Medium).jpg,afbeelding,301,nieuw pad na normalisatie (fase 3)
/img/nieuws/2017-05-19-Prio1OngevalBuitenLetselMolenstraat/IMG_5574-1(Medium).jpg,afbeelding,301,nieuw pad na normalisatie (fase 3)
/img/nieuws/2017-05-24-Prio2BuitenbrandKruiskamplaan/IMG_5743(Medium).JPG,afbeelding,301,nieuw pad na normalisatie (fase 3)
/img/nieuws/2017-05-24-Prio2BuitenbrandKruiskamplaan/IMG_5747(Medium).JPG,afbeelding,301,nieuw pad na normalisatie (fase 3)
/img/nieuws/2017-05-24-Prio2BuitenbrandKruiskamplaan/IMG_5749(Medium).JPG,afbeelding,301,nieuw pad na normalisatie (fase 3)
/img/nieuws/2017-05-24-Prio2BuitenbrandKruiskamplaan/IMG_8219(Medium).JPG,afbeelding,301,nieuw pad na normalisatie (fase 3)
/img/nieuws/2017-05-24-Prio2BuitenbrandKruiskamplaan/IMG_8221(Medium).JPG,afbeelding,301,nieuw pad na normalisatie (fase 3)
/img/nieuws/2017-05-24-Prio2BuitenbrandKruiskamplaan/IMG_8222(Medium).JPG,afbeelding,301,nieuw pad na normalisatie (fase 3)
/img/nieuws/2017-05-24-Prio2DiertewaterBroekpolderweg/IMG_5707(Medium).JPG,afbeelding,301,nieuw pad na normalisatie (fase 3)
/img/nieuws/2017-05-24-Prio2DiertewaterBroekpolderweg/IMG_5717(Medium).JPG,afbeelding,301,nieuw pad na normalisatie (fase 3)
/img/nieuws/2017-05-24-Prio2DiertewaterBroekpolderweg/IMG_5723(Medium).JPG,afbeelding,301,nieuw pad na normalisatie (fase 3)
/img/nieuws/2017-05-24-Prio2DiertewaterBroekpolderweg/IMG_5728(Medium).JPG,afbeelding,301,nieuw pad na normalisatie (fase 3)
/img/nieuws/2017-05-24-Prio2DiertewaterBroekpolderweg/IMG_5732(Medium).JPG,afbeelding,301,nieuw pad na normalisatie (fase 3)
/img/nieuws/2017-05-24-Prio2DiertewaterBroekpolderweg/IMG_5737(Medium).JPG,afbeelding,301,nieuw pad na normalisatie (fase 3)
/img/nieuws/2017-06-09-Prio2DiertewaterBinnenkruierstraat/2017-06-0918.33.23(Medium).jpg,afbeelding-ongebruikt,410,
/img/nieuws/2017-06-09-Prio2DiertewaterBinnenkruierstraat/2017-06-0918.33.27(Medium).jpg,afbeelding-ongebruikt,410,
/img/nieuws/2017-06-09-Prio2DiertewaterBinnenkruierstraat/2017-06-0918.35.06-1(Medium).jpg,afbeelding-ongebruikt,410,
/img/nieuws/2017-06-09-Prio2DiertewaterBinnenkruierstraat/2017-06-0918.35.37-2(Medium).jpg,afbeelding-ongebruikt,410,
/img/nieuws/2017-06-09-Prio2DiertewaterBinnenkruierstraat/2017-06-0918.36.11(Medium).jpg,afbeelding-ongebruikt,410,
/img/nieuws/2017-06-12-Prio1VoertuigtewaterN203/IMG_5863(Medium).jpg,afbeelding-ongebruikt,410,
/img/nieuws/2017-06-12-Prio1VoertuigtewaterN203/IMG_5869(Medium).jpg,afbeelding-ongebruikt,410,
/img/nieuws/2017-06-12-Prio1VoertuigtewaterN203/IMG_5877(Medium).jpg,afbeelding-ongebruikt,410,
/img/nieuws/2017-06-12-Prio1VoertuigtewaterN203/IMG_5879(Medium).jpg,afbeelding-ongebruikt,410,
/img/nieuws/2017-06-12-Prio1VoertuigtewaterN203/IMG_5885(Medium).jpg,afbeelding-ongebruikt,410,
/img/nieuws/2017-06-12-Prio1VoertuigtewaterN203/IMG_5890(Medium).jpg,afbeelding-ongebruikt,410,
/img/nieuws/2017-06-14-SpuitvoetbalFABO/De_Uitgeester.jpg,afbeelding,301,nieuw pad na normalisatie (fase 3)
/img/nieuws/2017-06-14-SpuitvoetbalFABO/Foto_1_FABO_Facebook.jpg,afbeelding,301,nieuw pad na normalisatie (fase 3)
/img/nieuws/2017-06-14-SpuitvoetbalFABO/Foto_2_FABO_Facebook.jpg,afbeelding,301,nieuw pad na normalisatie (fase 3)
/img/nieuws/2017-06-22-Prio1BrandwegvervoerN203/IMG_5954(Medium).JPG,afbeelding,301,nieuw pad na normalisatie (fase 3)
/img/nieuws/2017-06-22-Prio1BrandwegvervoerN203/IMG_5966(Medium).JPG,afbeelding,301,nieuw pad na normalisatie (fase 3)
/img/nieuws/2017-06-22-Prio1BrandwegvervoerN203/IMG_5976(Medium).JPG,afbeelding,301,nieuw pad na normalisatie (fase 3)
/img/nieuws/2017-06-22-Prio1BrandwegvervoerN203/IMG_5985(Medium).JPG,afbeelding,301,nieuw pad na normalisatie (fase 3)
/img/nieuws/2017-06-22-Prio1BrandwegvervoerN203/IMG_5989(Medium).JPG,afbeelding,301,nieuw pad na normalisatie (fase 3)
/img/nieuws/2017-06-22-Prio1BrandwegvervoerN203/IMG_5997(Medium).JPG,afbeelding,301,nieuw pad na normalisatie (fase 3)
/img/nieuws/2017-06-22-Prio1BrandwegvervoerN203/IMG_5998(Medium).JPG,afbeelding,301,nieuw pad na normalisatie (fase 3)
/img/nieuws/2017-06-22-Prio1BrandwegvervoerN203/IMG_6005(Medium).JPG,afbeelding,301,nieuw pad na normalisatie (fase 3)
/img/nieuws/2017-06-29-Prio1OngevalwegvervoerGeesterweg/IMG_6034(Medium).JPG,afbeelding-ongebruikt,410,
/img/nieuws/2017-06-29-Prio1OngevalwegvervoerGeesterweg/IMG_6041(Medium).jpg,afbeelding-ongebruikt,410,
/img/nieuws/2017-06-29-Prio1OngevalwegvervoerGeesterweg/IMG_6044(Medium).JPG,afbeelding-ongebruikt,410,
/img/nieuws/2017-06-29-Prio1OngevalwegvervoerGeesterweg/IMG_6047(Medium).JPG,afbeelding-ongebruikt,410,
/img/nieuws/2017-06-29-Prio1OngevalwegvervoerGeesterweg/IMG_6049(Medium).jpg,afbeelding-ongebruikt,410,
/img/nieuws/2017-06-29-Prio1OngevalwegvervoerGeesterweg/IMG_6050(Medium).JPG,afbeelding-ongebruikt,410,
/img/nieuws/2017-07-14-Prio1WatersportinProblemenUitgeestermeer/IMG_6081.JPG,afbeelding-ongebruikt,410,
/img/nieuws/2017-07-14-Prio1WatersportinProblemenUitgeestermeer/IMG_6085.JPG,afbeelding-ongebruikt,410,
/img/nieuws/2017-07-14-Prio1WatersportinProblemenUitgeestermeer/IMG_6090.JPG,afbeelding-ongebruikt,410,
/img/nieuws/2017-07-14-Prio1WatersportinProblemenUitgeestermeer/IMG_6093.JPG,afbeelding-ongebruikt,410,
/img/nieuws/2017-07-14-Prio1WatersportinProblemenUitgeestermeer/IMG_6095.JPG,afbeelding-ongebruikt,410,
/img/nieuws/2017-07-14-Prio1WatersportinProblemenUitgeestermeer/IMG_6099.JPG,afbeelding-ongebruikt,410,
/img/nieuws/2017-07-14-Prio1WatersportinProblemenUitgeestermeer/IMG_6100.JPG,afbeelding-ongebruikt,410,
/img/nieuws/2017-07-15-Prio1Diertewater/IMG_6105(Medium).JPG,afbeelding-ongebruikt,410,
/img/nieuws/2017-07-15-Prio1Diertewater/IMG_6114(Medium).JPG,afbeelding-ongebruikt,410,
/img/nieuws/2017-07-15-Prio1Diertewater/IMG_6132(Medium).JPG,afbeelding-ongebruikt,410,
/img/nieuws/2017-07-15-Prio1Diertewater/IMG_6137(Medium).JPG,afbeelding-ongebruikt,410,
/img/nieuws/2017-07-15-Prio1Diertewater/IMG_6162(Medium).JPG,afbeelding-ongebruikt,410,
/img/nieuws/2017-07-19-Prio2BuitenbrandLagendijk/IMG_6267(Medium).JPG,afbeelding-ongebruikt,410,
/img/nieuws/2017-07-19-Prio2BuitenbrandLagendijk/IMG_6269(Medium).JPG,afbeelding-ongebruikt,410,
/img/nieuws/2017-07-19-Prio2BuitenbrandLagendijk/IMG_6271(Medium).JPG,afbeelding-ongebruikt,410,
/img/nieuws/2017-07-19-Prio2BuitenbrandLagendijk/IMG_6272(Medium).JPG,afbeelding-ongebruikt,410,
/img/nieuws/2017-07-19-Prio2BuitenbrandLagendijk/IMG_6273(Medium).JPG,afbeelding-ongebruikt,410,
/img/nieuws/2017-07-19-Prio2BuitenbrandLagendijk/IMG_6275(Medium).JPG,afbeelding-ongebruikt,410,
/img/nieuws/2017-09-12-OpenDagBrandweerHeemskerk/banner-open-dag-heemskerk.jpg,afbeelding,301,nieuw pad na normalisatie (fase 3)
/img/nieuws/2017-09-12-OpenDagBrandweerHeemskerk/folder-1.jpg,afbeelding,301,nieuw pad na normalisatie (fase 3)
/img/nieuws/2017-09-12-OpenDagBrandweerHeemskerk/folder-2.jpg,afbeelding,301,nieuw pad na normalisatie (fase 3)
/img/nieuws/2017-09-12-OpenDagBrandweerHeemskerk/folder-3.jpg,afbeelding,301,nieuw pad na normalisatie (fase 3)
/img/nieuws/2017-09-13-Storm/1.jpg,afbeelding,301,nieuw pad na normalisatie (fase 3)
/img/nieuws/2017-09-13-Storm/2.jpg,afbeelding,301,nieuw pad na normalisatie (fase 3)
/img/nieuws/2017-11-01-Prio1GrootHVA9/IMG_6592(Medium).JPG,afbeelding,301,nieuw pad na normalisatie (fase 3)
/img/nieuws/2017-11-01-Prio1GrootHVA9/IMG_6614(Medium).JPG,afbeelding,301,nieuw pad na normalisatie (fase 3)
/img/nieuws/2017-11-01-Prio1GrootHVA9/IMG_6617(Medium).JPG,afbeelding,301,nieuw pad na normalisatie (fase 3)
/img/nieuws/2017-11-01-Prio1GrootHVA9/IMG_6619(Medium).JPG,afbeelding,301,nieuw pad na normalisatie (fase 3)
/img/nieuws/2017-11-01-Prio1GrootHVA9/IMG_6625(Medium).JPG,afbeelding,301,nieuw pad na normalisatie (fase 3)
/img/nieuws/2017-11-01-Prio1GrootHVA9/IMG_6629(Medium).JPG,afbeelding,301,nieuw pad na normalisatie (fase 3)
/img/nieuws/2017-11-12-Prio1VoertuigteWaterBuschenDam/IMG_6897(Medium).JPG,afbeelding,301,nieuw pad na normalisatie (fase 3)
/img/nieuws/2017-11-12-Prio1VoertuigteWaterBuschenDam/IMG_6898(Medium).JPG,afbeelding,301,nieuw pad na normalisatie (fase 3)
/img/nieuws/2017-11-12-Prio1VoertuigteWaterBuschenDam/IMG_6900(Medium).JPG,afbeelding,301,nieuw pad na normalisatie (fase 3)
/img/nieuws/2017-11-12-Prio1VoertuigteWaterBuschenDam/IMG_6904(Medium).JPG,afbeelding,301,nieuw pad na normalisatie (fase 3)
/img/nieuws/2017-11-15-maandag-4-december-landelijk-controlebericht-nl-alert/header-nl-alert.jpg,afbeelding,301,nieuw pad na normalisatie (fase 3)
/img/nieuws/2017-12-19-waarom-moet-je-je-kerstboom-water-geven/kerstboom_verbranding_beverwijk_2014.jpg,afbeelding,301,nieuw pad na normalisatie (fase 3)
/img/nieuws/2017-12-25-Prio2DierTeWaterA9/dier_te_water_11.jpg,afbeelding,301,nieuw pad na normalisatie (fase 3)
/img/nieuws/2017-12-25-Prio2DierTeWaterA9/dier_te_water_13.jpg,afbeelding,301,nieuw pad na normalisatie (fase 3)
/img/nieuws/2017-12-25-Prio2DierTeWaterA9/dier_te_water_14.jpg,afbeelding,301,nieuw pad na normalisatie (fase 3)
/img/nieuws/2017-12-25-Prio2DierTeWaterA9/dier_te_water_17.jpg,afbeelding,301,nieuw pad na normalisatie (fase 3)
/img/nieuws/2017-12-25-Prio2DierTeWaterA9/dier_te_water_3.jpg,afbeelding,301,nieuw pad na normalisatie (fase 3)
/img/nieuws/2017-12-25-Prio2DierTeWaterA9/dier_te_water_6.jpg,afbeelding,301,nieuw pad na normalisatie (fase 3)
/img/nieuws/2017-12-25-Prio2DierTeWaterA9/dier_te_water_9.jpg,afbeelding,301,nieuw pad na normalisatie (fase 3)
/img/nieuws/2018-01-29-Operationele-grenzen-zijn-open/interregionale-samenwerking.jpg,afbeelding,301,nieuw pad na normalisatie (fase 3)
/img/nieuws/2018-06-03-Prio1MiddelbrandWoningRijkswegLimmen/IMG_8115(Medium).JPG,afbeelding,301,nieuw pad na normalisatie (fase 3)
/img/nieuws/2018-06-03-Prio1MiddelbrandWoningRijkswegLimmen/IMG_8116(Medium).JPG,afbeelding,301,nieuw pad na normalisatie (fase 3)
/img/nieuws/2018-06-03-Prio1MiddelbrandWoningRijkswegLimmen/IMG_8120(Medium).JPG,afbeelding,301,nieuw pad na normalisatie (fase 3)
/img/nieuws/2018-06-03-Prio1MiddelbrandWoningRijkswegLimmen/IMG_8121(Medium).JPG,afbeelding,301,nieuw pad na normalisatie (fase 3)
/img/nieuws/2018-06-03-Prio1MiddelbrandWoningRijkswegLimmen/IMG_8123(Medium).JPG,afbeelding,301,nieuw pad na normalisatie (fase 3)
/img/nieuws/2018-06-03-Prio1MiddelbrandWoningRijkswegLimmen/IMG_8134(Medium).JPG,afbeelding,301,nieuw pad na normalisatie (fase 3)
/img/nieuws/2018-06-03-Prio1MiddelbrandWoningRijkswegLimmen/IMG_8138(Medium).JPG,afbeelding,301,nieuw pad na normalisatie (fase 3)
/img/nieuws/2018-06-03-Prio1MiddelbrandWoningRijkswegLimmen/IMG_8147(Medium).JPG,afbeelding,301,nieuw pad na normalisatie (fase 3)
/img/nieuws/2020-08-05-prio1vrachtwagenbrand/noorderweg.jpg,afbeelding,301,nieuw pad na normalisatie (fase 3)
/img/nieuws/2021-04-07-BrandkranenVerdwijnen/brandkraan.jpg,afbeelding-ongebruikt,410,
/img/photogrid.jpg,thema-afbeelding,410,
/img/placeholder.png,thema-afbeelding,410,
/img/standard_news_image.jpeg,afbeelding,301,nieuw pad na normalisatie (fase 3)
/img/testimonials/anoniem-150x150.jpg,thema-afbeelding,410,
/img/testimonials/osu_radio-150x150.jpg,thema-afbeelding,410,
/img/texture-bw.png,thema-afbeelding,410,
/img/texture-turquoise.png,thema-afbeelding,410,
/img/texture-violet.png,thema-afbeelding,410,
/img/voertuigen/12-2001/IMG_4955.jpg,afbeelding-verwijderd,410,
/img/voertuigen/12-2001/IMG_4956.jpg,afbeelding-verwijderd,410,
/img/voertuigen/12-2001/IMG_4957.jpg,afbeelding-verwijderd,410,
/img/voertuigen/12-2001/IMG_4958.jpg,afbeelding-verwijderd,410,
/img/voertuigen/12-2002/IMG_1610.jpg,afbeelding,301,nieuw pad na normalisatie (fase 3)
/img/voertuigen/12-2002/IMG_1611.jpg,afbeelding,301,nieuw pad na normalisatie (fase 3)
/img/voertuigen/12-2002/IMG_1615.jpg,afbeelding,301,nieuw pad na normalisatie (fase 3)
/img/voertuigen/12-2002/IMG_1622.jpg,afbeelding,301,nieuw pad na normalisatie (fase 3)
/img/voertuigen/12-2003/HPIM2497.jpg,afbeelding-ongebruikt,410,
/img/voertuigen/12-2003/HPIM2499.jpg,afbeelding-ongebruikt,410,
/img/voertuigen/12-2003/HPIM2500.jpg,afbeelding-ongebruikt,410,
/img/voertuigen/12-2003/HPIM2501.jpg,afbeelding-ongebruikt,410,
/img/voertuigen/12-2011/HPIM2448.jpg,afbeelding,301,nieuw pad na normalisatie (fase 3)
/img/voertuigen/12-2011/HPIM2449.jpg,afbeelding,301,nieuw pad na normalisatie (fase 3)
/img/voertuigen/12-2011/HPIM2450.jpg,afbeelding,301,nieuw pad na normalisatie (fase 3)
/img/voertuigen/12-2030/DSC06412.jpg,afbeelding,301,nieuw pad na normalisatie (fase 3)
/img/voertuigen/12-2030/DSC06414.jpg,afbeelding,301,nieuw pad na normalisatie (fase 3)
/img/voertuigen/12-2030/DSC06422.jpg,afbeelding-verwijderd,410,
/img/voertuigen/12-2030/DSC06430.jpg,afbeelding-verwijderd,410,
/img/voertuigen/12-2031/012.jpg,afbeelding-voertuig-weg,410,
/img/voertuigen/12-2031/014.jpg,afbeelding-voertuig-weg,410,
/img/voertuigen/12-2031/020.jpg,afbeelding-voertuig-weg,410,
/img/voertuigen/12-2031/021.jpg,afbeelding-voertuig-weg,410,
/img/voertuigen/12-2060/HPIM0799.jpg,afbeelding,301,nieuw pad na normalisatie (fase 3)
/img/voertuigen/12-2060/HPIM0800.jpg,afbeelding,301,nieuw pad na normalisatie (fase 3)
/img/voertuigen/12-2060/HPIM0809.jpg,afbeelding,301,nieuw pad na normalisatie (fase 3)
/img/voertuigen/12-2060/HPIM0811.jpg,afbeelding,301,nieuw pad na normalisatie (fase 3)
/img/voertuigen/12-2061/2016-04-16-20.50.01.jpg,afbeelding-voertuig-weg,410,
/img/voertuigen/12-2061/2016-04-16-20.50.31.jpg,afbeelding-voertuig-weg,410,
/img/word_jij_onze_vrijwilliger.png,afbeelding,301,nieuw pad na normalisatie (fase 3)
/,pagina,200,/
/index.xml,feed,301,/nieuws/index.xml
/js/front.js,thema-asset,410,
/js/gmaps.init.js,thema-asset,410,
/js/hpneo.gmaps.js,thema-asset,410,
/js/leaflet_brw_posten_kennemerland.js,thema-asset,410,
/js/leaflet_single.js,thema-asset,410,
/js/load-photoswipe.js,thema-asset,410,
/js/owl.carousel.min.js,thema-asset,410,
/js/respond.min.js,thema-asset,410,
/manifest.json,icoon,200,/manifest.json
/mstile-150x150.png,icoon,200,/mstile-150x150.png
/nieuws/2016/06/13/broei-in-hooibalen-busch-en-dam/,nieuwsartikel,200,/nieuws/2016/06/13/broei-in-hooibalen-busch-en-dam/
/nieuws/2016/06/13/gemeenteraad-op-bezoek/,nieuwsartikel,200,/nieuws/2016/06/13/gemeenteraad-op-bezoek/
/nieuws/2016/11/28/autobrand-wethouder-twaalfhovenstraat/,nieuwsartikel,200,/nieuws/2016/11/28/autobrand-wethouder-twaalfhovenstraat/
/nieuws/2016/12/05/kop-staart-botsing-n203/,nieuwsartikel,200,/nieuws/2016/12/05/kop-staart-botsing-n203/
/nieuws/2016/12/21/hulpverleningsoefening-in-de-kerk/,nieuwsartikel,200,/nieuws/2016/12/21/hulpverleningsoefening-in-de-kerk/
/nieuws/2017/02/09/aalscholver-in-de-boom/,nieuwsartikel,200,/nieuws/2017/02/09/aalscholver-in-de-boom/
/nieuws/2017/02/18/gaslekkage-in-de-wethouder-c-kromstraat/,nieuwsartikel,200,/nieuws/2017/02/18/gaslekkage-in-de-wethouder-c-kromstraat/
/nieuws/2017/02/18/keukenbrand-kon-wilhelminastraat/,nieuwsartikel,200,/nieuws/2017/02/18/keukenbrand-kon-wilhelminastraat/
/nieuws/2017/02/18/voertuig-te-water-geesterweg/,nieuwsartikel,200,/nieuws/2017/02/18/voertuig-te-water-geesterweg/
/nieuws/2017/05/03/autobrand-burg-v-roosmalenstraat/,nieuwsartikel,200,/nieuws/2017/05/03/autobrand-burg-v-roosmalenstraat/
/nieuws/2017/05/03/natuurbrand-waternet/,nieuwsartikel,200,/nieuws/2017/05/03/natuurbrand-waternet/
/nieuws/2017/05/29/buitenbrand-kruiskamplaan/,nieuwsartikel,200,/nieuws/2017/05/29/buitenbrand-kruiskamplaan/
/nieuws/2017/05/29/gaslekkage-op-de-kooglaan/,nieuwsartikel,200,/nieuws/2017/05/29/gaslekkage-op-de-kooglaan/
/nieuws/2017/05/29/koe-te-water-broekpolderweg/,nieuwsartikel,200,/nieuws/2017/05/29/koe-te-water-broekpolderweg/
/nieuws/2017/05/29/ongeval-bij-bedrijf-op-de-molenstraat/,nieuwsartikel,200,/nieuws/2017/05/29/ongeval-bij-bedrijf-op-de-molenstraat/
/nieuws/2017/05/29/voertuigbrand-op-de-a9/,nieuwsartikel,200,/nieuws/2017/05/29/voertuigbrand-op-de-a9/
/nieuws/2017/06/28/spuitvoetbal-fabo/,nieuwsartikel,200,/nieuws/2017/06/28/spuitvoetbal-fabo/
/nieuws/2017/06/29/voertuigbrand-op-de-n203/,nieuwsartikel,200,/nieuws/2017/06/29/voertuigbrand-op-de-n203/
/nieuws/2017/09/12/open-dag-brandweer-heemskerk/,nieuwsartikel,200,/nieuws/2017/09/12/open-dag-brandweer-heemskerk/
/nieuws/2017/09/13/storm-in-uitgeest/,nieuwsartikel,200,/nieuws/2017/09/13/storm-in-uitgeest/
/nieuws/2017/11/01/grote-kettingbotsing-op-de-a9/,nieuwsartikel,200,/nieuws/2017/11/01/grote-kettingbotsing-op-de-a9/
/nieuws/2017/11/13/voertuig-te-water-busch-en-dam/,nieuwsartikel,200,/nieuws/2017/11/13/voertuig-te-water-busch-en-dam/
/nieuws/2017/11/15/maandag-4-december-landelijk-controlebericht-nl-alert/,nieuwsartikel,200,/nieuws/2017/11/15/maandag-4-december-landelijk-controlebericht-nl-alert/
/nieuws/2017/12/19/waarom-moet-je-je-kerstboom-water-geven/,nieuwsartikel,200,/nieuws/2017/12/19/waarom-moet-je-je-kerstboom-water-geven/
/nieuws/2017/12/28/schaap-te-water-met-kerst/,nieuwsartikel,200,/nieuws/2017/12/28/schaap-te-water-met-kerst/
/nieuws/2018/01/29/operationele-grenzen-zijn-open/,nieuwsartikel,200,/nieuws/2018/01/29/operationele-grenzen-zijn-open/
/nieuws/2018/06/04/maandag-4-juni-landelijk-controlebericht-nl-alert/,nieuwsartikel,200,/nieuws/2018/06/04/maandag-4-juni-landelijk-controlebericht-nl-alert/
/nieuws/2018/06/05/woningbrand-rijksweg-in-limmen/,nieuwsartikel,200,/nieuws/2018/06/05/woningbrand-rijksweg-in-limmen/
/nieuws/2018/06/14/zeer-grote-brand-krommenie/,nieuwsartikel,200,/nieuws/2018/06/14/zeer-grote-brand-krommenie/
/nieuws/2020/01/23/ben-jij-de-vuurvreter/,nieuwsartikel,200,/nieuws/2020/01/23/ben-jij-de-vuurvreter/
/nieuws/2020/08/11/vrachtwagenbrand-op-de-noorderweg/,nieuwsartikel,200,/nieuws/2020/08/11/vrachtwagenbrand-op-de-noorderweg/
/nieuws/,pagina,200,/nieuws/
/nieuws/index.xml,feed,200,/nieuws/index.xml
/nieuws/page/1/,paginering,301,/nieuws/
/nieuws/page/2/,paginering,200,/nieuws/page/2/
/nieuws/page/3/,paginering,200,/nieuws/page/3/
/nieuws/page/4/,paginering,200,/nieuws/page/4/
/over-ons/,pagina,200,/over-ons/
/p2000/betekenis-p2000-meldingen/,alias,301,/betekenis-p2000-meldingen/
/page/1/,paginering,301,/
/page/2/,paginering,301,/nieuws/page/2/
/page/3/,paginering,301,/nieuws/page/3/
/page/4/,paginering,301,/nieuws/page/4/
/posten-kennemerland/,pagina,200,/posten-kennemerland/
/robots.txt,systeem,200,/robots.txt
/safari-pinned-tab.svg,icoon,200,/safari-pinned-tab.svg
/sitemap.xml,systeem,200,/sitemap.xml
/tags/a9/,taxonomie,301,/nieuws/
/tags/a9/index.xml,taxonomie,301,/nieuws/
/tags/a9/page/1/,taxonomie,301,/nieuws/
/tags/aed/,taxonomie,301,/nieuws/
/tags/aed/index.xml,taxonomie,301,/nieuws/
/tags/aed/page/1/,taxonomie,301,/nieuws/
/tags/autobrand/,taxonomie,301,/nieuws/
/tags/autobrand/index.xml,taxonomie,301,/nieuws/
/tags/autobrand/page/1/,taxonomie,301,/nieuws/
/tags/brand/,taxonomie,301,/nieuws/
/tags/brand/index.xml,taxonomie,301,/nieuws/
/tags/brand/page/1/,taxonomie,301,/nieuws/
/tags/brand/page/2/,taxonomie,301,/nieuws/
/tags/brandveilig/,taxonomie,301,/nieuws/
/tags/brandveilig/index.xml,taxonomie,301,/nieuws/
/tags/brandveilig/page/1/,taxonomie,301,/nieuws/
/tags/brandweer/,taxonomie,301,/nieuws/
/tags/brandweer/index.xml,taxonomie,301,/nieuws/
/tags/brandweer/page/1/,taxonomie,301,/nieuws/
/tags/buitenbrand/,taxonomie,301,/nieuws/
/tags/buitenbrand/index.xml,taxonomie,301,/nieuws/
/tags/buitenbrand/page/1/,taxonomie,301,/nieuws/
/tags/burgemeester/,taxonomie,301,/nieuws/
/tags/burgemeester/index.xml,taxonomie,301,/nieuws/
/tags/burgemeester/page/1/,taxonomie,301,/nieuws/
/tags/dier-op-hoogte/,taxonomie,301,/nieuws/
/tags/dier-op-hoogte/index.xml,taxonomie,301,/nieuws/
/tags/dier-op-hoogte/page/1/,taxonomie,301,/nieuws/
/tags/dier-te-water/,taxonomie,301,/nieuws/
/tags/dier-te-water/index.xml,taxonomie,301,/nieuws/
/tags/dier-te-water/page/1/,taxonomie,301,/nieuws/
/tags/fabo/,taxonomie,301,/nieuws/
/tags/fabo/index.xml,taxonomie,301,/nieuws/
/tags/fabo/page/1/,taxonomie,301,/nieuws/
/tags/gaslekkage/,taxonomie,301,/nieuws/
/tags/gaslekkage/index.xml,taxonomie,301,/nieuws/
/tags/gaslekkage/page/1/,taxonomie,301,/nieuws/
/tags/gebouw/,taxonomie,301,/nieuws/
/tags/gebouw/index.xml,taxonomie,301,/nieuws/
/tags/gebouw/page/1/,taxonomie,301,/nieuws/
/tags/gemeente/,taxonomie,301,/nieuws/
/tags/gemeente/index.xml,taxonomie,301,/nieuws/
/tags/gemeente/page/1/,taxonomie,301,/nieuws/
/tags/hulpverlening/,taxonomie,301,/nieuws/
/tags/hulpverlening/index.xml,taxonomie,301,/nieuws/
/tags/hulpverlening/page/1/,taxonomie,301,/nieuws/
/tags/,taxonomie,301,/nieuws/
/tags/index.xml,taxonomie,301,/nieuws/
/tags/kerst/,taxonomie,301,/nieuws/
/tags/kerst/index.xml,taxonomie,301,/nieuws/
/tags/kerst/page/1/,taxonomie,301,/nieuws/
/tags/kerstboom/,taxonomie,301,/nieuws/
/tags/kerstboom/index.xml,taxonomie,301,/nieuws/
/tags/kerstboom/page/1/,taxonomie,301,/nieuws/
/tags/kettingbotsing/,taxonomie,301,/nieuws/
/tags/kettingbotsing/index.xml,taxonomie,301,/nieuws/
/tags/kettingbotsing/page/1/,taxonomie,301,/nieuws/
/tags/natuurbrand/,taxonomie,301,/nieuws/
/tags/natuurbrand/index.xml,taxonomie,301,/nieuws/
/tags/natuurbrand/page/1/,taxonomie,301,/nieuws/
/tags/nl-alert/,taxonomie,301,/nieuws/
/tags/nl-alert/index.xml,taxonomie,301,/nieuws/
/tags/nl-alert/page/1/,taxonomie,301,/nieuws/
/tags/noord-west-4/,taxonomie,301,/nieuws/
/tags/noord-west-4/index.xml,taxonomie,301,/nieuws/
/tags/noord-west-4/page/1/,taxonomie,301,/nieuws/
/tags/nw4/,taxonomie,301,/nieuws/
/tags/nw4/index.xml,taxonomie,301,/nieuws/
/tags/nw4/page/1/,taxonomie,301,/nieuws/
/tags/ongeval/,taxonomie,301,/nieuws/
/tags/ongeval/index.xml,taxonomie,301,/nieuws/
/tags/ongeval/page/1/,taxonomie,301,/nieuws/
/tags/open-dag/,taxonomie,301,/nieuws/
/tags/open-dag/index.xml,taxonomie,301,/nieuws/
/tags/open-dag/page/1/,taxonomie,301,/nieuws/
/tags/operationele-grenzen/,taxonomie,301,/nieuws/
/tags/operationele-grenzen/index.xml,taxonomie,301,/nieuws/
/tags/operationele-grenzen/page/1/,taxonomie,301,/nieuws/
/tags/overheid/,taxonomie,301,/nieuws/
/tags/overheid/index.xml,taxonomie,301,/nieuws/
/tags/overheid/page/1/,taxonomie,301,/nieuws/
/tags/page/1/,taxonomie,301,/nieuws/
/tags/raadsleden/,taxonomie,301,/nieuws/
/tags/raadsleden/index.xml,taxonomie,301,/nieuws/
/tags/raadsleden/page/1/,taxonomie,301,/nieuws/
/tags/reanimatie/,taxonomie,301,/nieuws/
/tags/reanimatie/index.xml,taxonomie,301,/nieuws/
/tags/reanimatie/page/1/,taxonomie,301,/nieuws/
/tags/spuitvoetbal/,taxonomie,301,/nieuws/
/tags/spuitvoetbal/index.xml,taxonomie,301,/nieuws/
/tags/spuitvoetbal/page/1/,taxonomie,301,/nieuws/
/tags/stormschade/,taxonomie,301,/nieuws/
/tags/stormschade/index.xml,taxonomie,301,/nieuws/
/tags/stormschade/page/1/,taxonomie,301,/nieuws/
/tags/vacature/,taxonomie,301,/nieuws/
/tags/vacature/index.xml,taxonomie,301,/nieuws/
/tags/vacature/page/1/,taxonomie,301,/nieuws/
/tags/vrachtwagen/,taxonomie,301,/nieuws/
/tags/vrachtwagen/index.xml,taxonomie,301,/nieuws/
/tags/vrachtwagen/page/1/,taxonomie,301,/nieuws/
/tags/water/,taxonomie,301,/nieuws/
/tags/water/index.xml,taxonomie,301,/nieuws/
/tags/water/page/1/,taxonomie,301,/nieuws/
/tags/werving/,taxonomie,301,/nieuws/
/tags/werving/index.xml,taxonomie,301,/nieuws/
/tags/werving/page/1/,taxonomie,301,/nieuws/
/tags/woningbrand/,taxonomie,301,/nieuws/
/tags/woningbrand/index.xml,taxonomie,301,/nieuws/
/tags/woningbrand/page/1/,taxonomie,301,/nieuws/
/voertuigen/,pagina,200,/voertuigen/
